Location,Day of Week,Temperature (°C),Humidity (%),Waste Type,Waste Amount (kg),Population Density (people/km²),Collection Frequency,Day of Month,Special Event Flag,Waste Collection Cost,Recycling Percentage,Collection Vehicle Type,Weather Condition
Zone A,Friday,31.03940154351403,55.304264334085524,Metal,31.52540589860144,6958.978663467492,Bi-weekly,22,0,331.30330754397403,46.12021974952566,Small,Cloudy
Zone D,Saturday,25.370860594162707,44.719913095287616,Metal,53.63694778092944,4727.505138360186,Weekly,16,1,194.59318305753365,43.43183659956523,Large,Rainy
Zone A,Tuesday,28.083708523462096,75.22494085593239,Metal,48.843927758936466,8150.041906040922,Bi-weekly,29,1,251.13856592903832,27.870143162996786,Medium,Rainy
Zone B,Friday,27.68637254325952,37.994221052679855,Organic,16.976436889152154,1996.7745551807668,Weekly,11,1,411.2794481655257,11.987627981545302,Large,Rainy
Zone D,Monday,24.357939345178416,41.955352755698215,Metal,94.9972777406885,3815.433455814121,Bi-weekly,27,1,196.30857583551398,88.65795705185374,Medium,Sunny
Zone A,Saturday,18.32694820919833,42.018060639484915,Organic,60.10516795346724,1148.122060170917,Bi-weekly,18,1,416.8468771693922,64.91092065757904,Medium,Sunny
Zone B,Friday,29.664530876524786,71.65877613623215,Organic,83.7316916758041,9341.942474662608,Bi-weekly,9,1,456.79698963490387,53.57400036629814,Large,Cloudy
Zone C,Sunday,15.157613351447024,32.38181426585121,Metal,21.149421607486897,4688.659246761465,Weekly,16,0,273.6203795630633,21.227865460680384,Small,Sunny
Zone A,Monday,17.35254200514597,37.07179016551805,Metal,57.07260913831227,9692.128889109415,Bi-weekly,11,0,435.9242517703721,76.06188199283174,Large,Cloudy
Zone B,Thursday,26.900504411336726,66.429839423171,Organic,76.81130900109025,5446.0692972920515,Weekly,1,1,479.6231312966167,86.58060494628084,Large,Rainy
Zone D,Saturday,20.23738866441188,60.06400159188095,Metal,55.3551006386691,3936.184136640504,Daily,14,0,499.2958983407885,40.39937781049081,Small,Rainy
Zone A,Monday,31.44873963047229,59.185744791522396,Metal,64.8561956861852,6927.105310256745,Daily,11,0,78.78100828773935,55.93748429912502,Small,Rainy
Zone C,Sunday,24.527870235834346,57.51834179783695,Plastic,27.690362652278736,2779.676440414387,Weekly,2,1,193.69481258585668,90.67017549646553,Medium,Cloudy
Zone A,Sunday,24.84861852238902,32.410149945548106,Organic,58.120582536992885,1107.4570421165774,Daily,12,0,341.78420659641387,62.536538247493226,Large,Sunny
Zone B,Thursday,19.600499758157355,34.760475971111504,Organic,99.01833699891151,1033.407266674745,Weekly,2,0,187.87728912049363,70.48679427473836,Medium,Sunny
Zone C,Wednesday,19.956639204680137,69.48282794057178,Plastic,64.74678028503462,6755.380770594208,Bi-weekly,22,0,442.9144239553444,52.98380017826716,Medium,Cloudy
Zone D,Monday,15.467139251050758,42.17037401277289,Organic,23.04283572294801,6333.33151442198,Weekly,22,0,153.76124026750563,54.84603133518841,Small,Cloudy
Zone C,Tuesday,28.170965051964235,73.15972826474622,Organic,72.17252506829372,6298.83698967189,Bi-weekly,27,1,161.1758495535749,54.868611228278915,Medium,Rainy
Zone C,Wednesday,23.55459172681162,65.36173114115427,Organic,2.664493490536597,1651.973994494187,Weekly,20,0,470.21417495593687,12.251106116490018,Large,Cloudy
Zone C,Thursday,18.496454900094832,67.02976529353418,Organic,20.883089123564464,7864.180519037297,Daily,16,0,437.7623159671775,47.20659663662043,Small,Rainy
Zone B,Wednesday,25.33348311638764,58.506903631819995,Organic,48.39675977335649,9798.653532107473,Weekly,3,0,484.00192400492625,65.12294933315147,Large,Sunny
Zone C,Thursday,34.96978955120096,30.275944500976887,Organic,19.866766130715494,5160.181547408281,Daily,1,0,78.98392146605728,81.51745326426493,Large,Cloudy
Zone D,Tuesday,27.569757519566256,72.38803379843439,Metal,92.43232211314528,2676.793229970333,Daily,28,1,256.00471166247416,53.9501529587174,Small,Rainy
Zone C,Saturday,26.819162123183272,70.91476067643876,Organic,61.26949192270615,5305.112413127051,Weekly,22,0,284.989996746811,71.47407911942297,Medium,Rainy
Zone C,Saturday,18.081681312895977,48.169461712807355,Organic,50.81871015743447,4237.703594173388,Daily,22,0,52.67208870943222,75.58587765744734,Large,Rainy
Zone D,Thursday,17.361503496789883,52.915858225118384,Organic,8.324070159469642,9957.47016418833,Daily,23,0,415.4725697214247,47.45787115453963,Medium,Sunny
Zone B,Friday,20.497391863960285,56.13993831935498,Organic,79.17265228454187,5783.164465125818,Bi-weekly,29,1,332.4742190979462,99.34792475486476,Medium,Rainy
Zone D,Tuesday,33.45014326908461,48.570020792896784,Plastic,36.88969256464104,8123.143490246021,Bi-weekly,26,1,313.7710553037383,12.579377790764335,Medium,Sunny
Zone D,Wednesday,16.025928211337938,40.272708786948854,Paper,42.11908846761811,2426.0696636996645,Bi-weekly,2,0,210.44506797634057,79.27094276582139,Large,Cloudy
Zone C,Friday,17.690200611008684,65.08969371329178,Paper,33.73669028566409,1986.54564245042,Daily,12,0,272.54636590674943,30.949516438709235,Small,Rainy
Zone C,Monday,29.833376276646014,63.76719836113371,Organic,26.665841310109133,8475.317540662929,Daily,30,1,454.00163518737656,8.786069928054774,Medium,Cloudy
Zone D,Wednesday,25.853497721610637,32.73336657745942,Plastic,12.074620799936143,3033.9936853611453,Daily,13,1,407.3325291140892,4.16965598636716,Small,Rainy
Zone B,Friday,34.726229950768584,31.610468784211694,Organic,74.2343977626553,9745.58882459667,Bi-weekly,17,0,214.5117902275544,81.93888374627879,Medium,Rainy
Zone D,Tuesday,15.411467738349124,53.198045822468885,Organic,47.74217276415763,7778.99014275215,Daily,2,0,69.03008809077824,3.333532169740483,Small,Cloudy
Zone A,Friday,30.7082737278349,79.54571532170293,Organic,59.541656456021585,9970.79140564706,Weekly,5,0,377.53561761864364,20.981724989157946,Small,Sunny
Zone C,Monday,33.192789643551194,39.121880036729436,Paper,33.759412086411444,8280.054936157769,Daily,22,0,488.3057364429603,49.224711843814895,Small,Rainy
Zone D,Saturday,16.979621968136776,70.35966176628816,Plastic,31.320673084945305,5227.546923976045,Daily,21,1,277.69659790274653,51.81764283861501,Small,Sunny
Zone C,Monday,21.936273024950605,67.12428929133915,Organic,37.52498191506993,6549.867895138828,Daily,6,1,463.7290839468698,75.80157615518117,Medium,Cloudy
Zone C,Friday,31.13169017831374,66.24491757483773,Organic,85.04722932897756,1626.306409209943,Daily,3,1,456.3435096770498,80.27493698348083,Medium,Rainy
Zone D,Tuesday,24.188255739657322,51.143288733297624,Organic,74.00110546289498,6099.104895710721,Weekly,17,1,350.66703595694923,49.51749285393253,Small,Sunny
Zone B,Friday,18.40352787796443,76.434618748439,Paper,92.43068833608054,9135.020252271768,Bi-weekly,20,0,392.8987128153517,12.754043321530473,Large,Sunny
Zone C,Sunday,21.94491425112104,38.629958808444556,Organic,87.5190470600022,9342.865500940978,Weekly,6,0,118.14630135570408,58.0417206791116,Large,Cloudy
Zone D,Monday,18.049303292559145,57.07805874026323,Organic,54.5129231519975,1074.6980735956997,Weekly,13,0,200.7953710011788,62.40471842127512,Small,Cloudy
Zone B,Sunday,33.56284800884869,48.8811020507137,Organic,16.938134078147737,9956.366051000237,Daily,8,1,268.8525238708898,23.789743752274894,Medium,Rainy
Zone A,Tuesday,20.159461981713836,68.57934544868414,Paper,21.832894061610986,1432.6566602205826,Daily,20,1,284.66987026088435,73.25176139296664,Large,Cloudy
Zone B,Saturday,23.71252334670426,62.7669312818479,Metal,16.162326771983118,2310.648090107522,Weekly,19,0,91.93371561012185,27.78468260853052,Small,Sunny
Zone A,Friday,30.819951641458456,74.90827478887326,Organic,94.08729445318978,7219.742033464492,Daily,15,1,444.1436055482649,28.418528323656034,Large,Rainy
Zone B,Wednesday,15.273308490013708,75.55726730348705,Paper,59.781481196513255,7886.208321514553,Bi-weekly,8,0,288.72617755030655,77.58147235775019,Medium,Sunny
Zone C,Sunday,24.226470390180026,35.449211384572834,Metal,35.76112560907894,7897.6803961617115,Daily,29,1,168.64232064258908,63.39253435944951,Medium,Sunny
Zone B,Tuesday,16.956839982459442,50.90867609492065,Metal,26.477876098667963,6593.319861944907,Weekly,30,1,82.38911675470172,33.53421439089155,Small,Rainy
Zone D,Thursday,34.54982985231989,38.47629650600503,Organic,67.07315230638712,8842.64492775796,Daily,4,1,316.19900040359715,33.056364541742276,Large,Cloudy
Zone C,Tuesday,33.82883813111521,50.89994816245891,Organic,36.11734942935833,7045.3577304178,Bi-weekly,19,1,219.2988299429725,91.95573281353467,Medium,Rainy
Zone B,Wednesday,17.962919748573963,76.03095874384627,Paper,70.96063017304535,9038.870182081842,Bi-weekly,14,1,276.756805837443,45.83504925726996,Medium,Cloudy
Zone B,Monday,29.793460787338404,30.99437500144417,Organic,90.22606366175307,6177.884106604294,Weekly,18,1,291.29261958327356,25.992230260171823,Small,Sunny
Zone A,Tuesday,19.880985432010306,31.281669485601554,Plastic,2.437804751661793,9125.978725889061,Daily,29,1,90.26700422685713,67.00440787470141,Medium,Rainy
Zone B,Tuesday,15.421879847427288,33.5888135767523,Organic,78.50101137142116,2425.3421868759606,Bi-weekly,14,1,52.191929861980476,89.95647304598373,Medium,Sunny
Zone D,Sunday,17.703281187641355,31.517223391240563,Organic,92.64063616418966,5622.401086583869,Bi-weekly,15,1,162.97005776080502,73.36056660487735,Large,Sunny
Zone A,Thursday,24.065795269601402,67.5139659194019,Metal,67.36900100841503,8129.514670569051,Daily,10,1,51.19823505469861,90.03416121525862,Large,Sunny
Zone B,Wednesday,25.84005314419761,33.180740284346946,Metal,55.22615921866228,4971.485515926366,Bi-weekly,9,0,367.45252289384604,76.88980579261553,Small,Cloudy
Zone B,Friday,30.813705534503256,75.96254668039106,Organic,37.75892320941234,8490.282797443462,Bi-weekly,22,0,57.196494599376535,27.53682327326894,Medium,Rainy
Zone C,Thursday,22.429964308080553,36.590556798620405,Organic,58.925660771661875,3494.1978661464304,Bi-weekly,28,1,71.57057890087566,24.58936221983874,Small,Cloudy
Zone B,Monday,33.732464161406895,64.57042938873172,Organic,19.549715671543897,4711.117332473319,Daily,1,0,257.57874292250676,45.7757414394139,Large,Rainy
Zone A,Sunday,34.829511028913274,30.804246603572118,Organic,79.05468014859598,2343.663887480282,Bi-weekly,25,0,285.817029855172,17.43099538534737,Small,Cloudy
Zone D,Friday,29.47337785655011,32.312629534464705,Organic,73.92088996592629,2299.394157214586,Bi-weekly,11,1,236.34552807059433,86.51110866680463,Medium,Cloudy
Zone A,Tuesday,18.84023426651878,76.78093463837948,Plastic,72.50498091001243,1680.2557144468947,Weekly,29,0,107.6206449895983,16.8194688785,Small,Cloudy
Zone C,Monday,20.69729884392123,41.84760917243989,Paper,21.43077537827163,8410.060839937189,Bi-weekly,12,0,159.94634843875136,73.1735099932247,Large,Rainy
Zone D,Friday,28.387217472024616,76.12778672262253,Organic,9.46957016010744,2041.4620265643066,Daily,2,1,56.9020678210833,70.4102723895223,Large,Sunny
Zone A,Tuesday,15.983273692046247,75.31037977439203,Paper,95.63680674567507,3072.51429479508,Bi-weekly,26,1,129.45545752477665,1.4719047830568321,Small,Sunny
Zone A,Monday,18.415221601088543,47.93627795907271,Organic,31.269621858039464,3491.2343396130414,Daily,18,0,342.69456969028715,55.85382014020121,Small,Rainy
Zone B,Friday,21.038463847439456,73.50203843988163,Organic,55.57606904779854,5514.980494297051,Bi-weekly,26,0,372.2174019291818,63.48639702436881,Small,Sunny
Zone C,Tuesday,18.034515762845594,72.36281020631216,Organic,25.97331594570974,7554.740600672289,Daily,8,0,115.33736291324678,19.392978348320277,Medium,Cloudy
Zone A,Sunday,32.48346794320464,60.803845773348456,Organic,18.694642039944053,3768.3737349751946,Daily,20,0,347.9998967442998,18.12273840871358,Small,Rainy
Zone A,Sunday,26.94584189462302,61.18067834786804,Organic,41.22410308856118,6217.22610605281,Weekly,29,1,373.49529585842123,14.792825468597993,Small,Sunny
Zone B,Sunday,17.868985058324675,53.20660071791556,Organic,72.0873367680808,8667.496607701818,Bi-weekly,19,1,288.8984664212598,68.25276901524285,Small,Sunny
Zone D,Tuesday,34.28597798825519,54.485109056963445,Paper,17.512091010899375,2705.519527710969,Daily,7,0,265.60664605021645,22.513374760645497,Medium,Sunny
Zone C,Wednesday,21.01988462186138,58.92010246508545,Organic,72.80247832392607,7971.692358656446,Weekly,17,1,275.96975112195463,47.76775325545297,Large,Cloudy
Zone D,Monday,16.856311311168596,74.10279197221752,Organic,54.2065610602501,4610.929595089686,Daily,20,1,174.5857742577503,0.9157216585521932,Large,Sunny
Zone B,Tuesday,16.469635107599473,60.2620290471088,Plastic,75.19958780206672,4364.2885710384235,Bi-weekly,11,1,422.137064689232,75.9627976112437,Large,Cloudy
Zone D,Monday,22.724342391776442,73.33593633130812,Metal,17.686399641143783,2111.142240754456,Weekly,3,0,284.5529221648487,88.91283597049951,Medium,Cloudy
Zone D,Sunday,27.038307118312606,31.215584899739557,Organic,41.5643964744764,6675.009208293783,Weekly,14,0,294.00679146513016,67.77673468707866,Small,Rainy
Zone B,Tuesday,27.89584245375609,45.603139991137475,Organic,62.99171033763242,6972.134771977568,Daily,14,1,490.1682906860343,85.10755727256799,Large,Rainy
Zone C,Sunday,18.636291036719797,69.66821458867724,Organic,32.21321059790887,8021.879455634273,Bi-weekly,17,1,285.80700709113216,44.83569629899957,Small,Sunny
Zone B,Friday,26.440987833383986,71.42569539860196,Metal,21.329709740658373,5936.806214716032,Weekly,11,1,374.12682521720643,4.218137553399426,Small,Rainy
Zone A,Wednesday,28.555480053693024,58.913202973569184,Organic,30.145097320511876,1260.8926165598923,Daily,27,1,351.22643431247633,55.1514018432947,Medium,Rainy
Zone D,Sunday,32.45416066242994,46.795459224051626,Organic,45.117322730461396,5788.835614027012,Bi-weekly,22,1,452.68701602500437,60.869435635913774,Small,Sunny
Zone A,Saturday,21.717603905176368,69.91608956990072,Plastic,32.22306279056252,1179.159388484989,Bi-weekly,13,1,161.70739215235488,93.18508852887045,Large,Sunny
Zone C,Friday,33.67986996806793,46.5719379517201,Organic,20.567808793659477,5738.026892345194,Daily,8,0,120.06017732588133,28.17552600995592,Medium,Sunny
Zone B,Thursday,26.07417373323313,32.46659446789594,Paper,20.484122700575217,2179.1432538731897,Bi-weekly,16,1,263.93911852811163,3.7152916603921837,Large,Sunny
Zone C,Thursday,25.56401287916941,58.28717017735266,Metal,97.94932557457633,7645.595399149644,Bi-weekly,5,0,468.137717158717,80.15085366256129,Large,Sunny
Zone A,Sunday,26.503034059193922,50.8336194171729,Plastic,65.14178852967105,9685.429924263519,Daily,2,0,237.0592064314863,51.661378550008344,Medium,Cloudy
Zone D,Tuesday,15.634465683918005,42.05770557034343,Organic,88.88964404234713,7452.915918891271,Weekly,10,0,298.74775850925005,55.73389697335087,Large,Rainy
Zone D,Saturday,25.47639609729523,60.55649351088882,Paper,35.19032040316484,6216.256563657718,Daily,3,0,485.5609242433356,46.745731014687905,Small,Rainy
Zone D,Wednesday,29.99739751700981,50.740267326018696,Organic,71.40048430506964,4358.889890052951,Bi-weekly,28,0,256.31867524764516,60.532438489075446,Small,Rainy
Zone D,Sunday,15.313586856371968,79.41470626007276,Plastic,31.346874508920795,5499.447264051009,Bi-weekly,19,0,102.8033598697917,29.1280294548947,Large,Rainy
Zone B,Tuesday,28.412866031316966,69.85505312193987,Organic,53.4055001983996,3926.8431913291047,Bi-weekly,10,1,415.4177525191562,13.246550771460308,Small,Rainy
Zone C,Monday,26.635176562111013,77.10641656630236,Organic,64.53440601956333,7224.8498316494415,Weekly,29,0,150.66317923664107,65.41134161083951,Medium,Sunny
Zone A,Friday,15.0118771025818,45.38723855364974,Organic,92.31636731758617,6533.624249738179,Daily,26,1,404.64336077581385,5.322138586181879,Large,Cloudy
Zone D,Wednesday,28.42550941693955,70.66686501356207,Organic,60.58016813813109,7873.764951921944,Weekly,28,0,333.21074512814147,3.3502958779600522,Medium,Sunny
Zone D,Thursday,28.80643880553312,42.19215507802832,Plastic,49.11998788906599,4436.5808970313465,Weekly,16,1,399.3888163542154,43.55650506478624,Small,Rainy
Zone D,Wednesday,34.70579841455822,44.926815625969155,Organic,77.39642792406798,6315.066812780079,Daily,28,0,237.2873638054665,72.34997322791938,Medium,Rainy
Zone B,Monday,24.70717850901923,51.06409559486013,Metal,27.443884843874013,7463.800842697368,Weekly,23,1,72.57125487401103,58.00609809670119,Medium,Sunny
Zone D,Wednesday,30.532204616384213,41.75254900780772,Plastic,5.18298627208203,9395.205197386931,Weekly,16,1,290.5777806277156,85.33825168754913,Small,Rainy
Zone D,Wednesday,21.543175537105917,54.37642569058068,Paper,53.68566761530113,6402.313799911655,Bi-weekly,8,1,165.08324177172088,26.637815504969787,Small,Rainy
Zone A,Friday,27.406276506281742,61.82314080166847,Plastic,29.753394880661467,6444.399676648339,Bi-weekly,25,0,463.8315551025292,8.27536763706882,Small,Cloudy
Zone C,Sunday,24.533295894511085,41.60508014102764,Plastic,36.42660372146157,1014.7431925720833,Daily,30,1,424.6369672686795,18.563048127741975,Large,Sunny
Zone A,Tuesday,30.39465997921572,75.92420534760676,Organic,57.01836089146331,2081.047350824112,Weekly,10,0,476.7642996611835,1.5591295548040063,Medium,Rainy
Zone C,Monday,26.96647266065402,54.82530385158899,Metal,36.1295026249746,2603.93384603708,Bi-weekly,20,1,398.8849740465409,10.75474213192168,Large,Rainy
Zone C,Monday,34.74333046294505,30.40607928366152,Plastic,99.96596506804582,5508.315771602498,Daily,22,1,101.44490602067172,80.05694942805124,Medium,Cloudy
Zone A,Wednesday,19.651251457717496,74.67438655696404,Organic,40.67010036494981,4333.534663281722,Daily,13,1,111.69044094725768,88.98453142595528,Large,Cloudy
Zone D,Monday,18.70643637509334,42.857647970664885,Plastic,18.902712070894424,3788.5111593829074,Bi-weekly,18,1,476.498413106628,68.56260867333401,Medium,Cloudy
Zone B,Wednesday,20.505074767008267,30.423259074043038,Plastic,31.589271510329624,7898.901435897296,Bi-weekly,6,0,335.6532190305778,60.90297851967965,Small,Cloudy
Zone A,Saturday,24.00458747299812,36.1180809366025,Organic,41.37337354676204,8715.369338726741,Daily,24,1,312.1083835894613,5.744995063119052,Small,Rainy
Zone B,Wednesday,33.710367106532594,38.18650654678184,Paper,9.66499433147183,4962.469771383716,Bi-weekly,26,1,390.815287448721,5.026136349258826,Medium,Sunny
Zone A,Tuesday,15.983273692046247,75.31037977439203,Paper,95.63680674567507,3072.51429479508,Bi-weekly,26,1,129.45545752477665,1.4719047830568321,Small,Sunny
Zone D,Wednesday,18.830152825820125,62.83654054444432,Metal,66.99606273435553,6715.691183083145,Bi-weekly,5,0,200.12127613164785,35.792686387773244,Medium,Sunny
Zone B,Thursday,25.753264232336953,39.57553646599718,Plastic,36.6265170674367,6779.628104400454,Weekly,3,1,349.305164797147,46.087268321345796,Medium,Cloudy
Zone C,Friday,31.749096463165827,43.48614564176198,Metal,75.19205366089948,1743.1670957969325,Weekly,3,1,90.39762228634271,25.095718661611055,Medium,Rainy
Zone B,Tuesday,33.903100019722075,31.916406089510183,Organic,48.37583174675144,5594.051433682285,Weekly,30,1,445.89739510763894,86.23791436822931,Large,Sunny
Zone A,Saturday,28.47517517662791,31.897794749701742,Paper,63.185387463520044,9155.910075322216,Weekly,30,0,146.29876875188586,70.81059866543161,Medium,Cloudy
Zone B,Tuesday,18.864229523447953,70.36286033919737,Organic,98.85024057577058,1372.767844884368,Bi-weekly,16,1,142.57518594499038,79.49591352901672,Medium,Rainy
Zone B,Wednesday,17.962919748573963,76.03095874384627,Paper,70.96063017304535,9038.870182081842,Bi-weekly,14,1,276.756805837443,45.83504925726996,Medium,Cloudy
Zone A,Wednesday,23.60629314178294,64.13042062815882,Organic,91.30451394871967,9339.506848095441,Bi-weekly,29,1,435.98454297041087,68.17862313845696,Large,Sunny
Zone C,Saturday,27.498469539690735,65.05563128506338,Organic,89.87453438099249,2650.6604266999975,Weekly,16,0,462.13380365652154,41.50916002716434,Medium,Cloudy
Zone C,Saturday,19.0984825197189,36.8700377442156,Organic,91.7087987999428,4116.635675125244,Daily,20,0,411.3952333660975,60.06039017909273,Medium,Cloudy
Zone A,Tuesday,24.66868647538213,49.94517609789182,Plastic,24.883790389469503,9104.601618716064,Daily,6,0,389.99607271575366,93.61519478597806,Large,Rainy
Zone B,Tuesday,23.18562909184708,55.456610002916065,Organic,76.6922364254822,7869.141557028335,Bi-weekly,1,1,409.52338827133343,21.77232466008121,Large,Cloudy
Zone B,Wednesday,21.016705442938935,45.99161596385858,Paper,3.354954572670568,4052.0457513444203,Daily,13,0,75.70059743503614,92.56537678703936,Large,Sunny
Zone A,Monday,17.128090611082452,46.2519813345591,Paper,70.75459803219363,9874.161519540654,Weekly,11,1,351.51226275981475,76.51596495834721,Large,Cloudy
Zone B,Tuesday,17.50276374929069,43.851586781362904,Organic,40.87718479016958,5686.625588656008,Weekly,20,0,216.04339049476573,34.486032093039555,Small,Sunny
Zone D,Tuesday,17.91861618642151,69.44478388462466,Plastic,34.98575088485678,8887.817154977813,Bi-weekly,1,1,303.08063911608883,81.04499816615554,Small,Rainy
Zone D,Wednesday,25.853497721610637,32.73336657745942,Plastic,12.074620799936143,3033.9936853611453,Daily,13,1,407.3325291140892,4.16965598636716,Small,Rainy
Zone B,Thursday,17.62640329914936,39.399098196058915,Paper,27.35567860300332,5052.901515738946,Bi-weekly,6,0,236.5386476247748,6.606605718268932,Medium,Cloudy
Zone D,Friday,31.529542595524187,43.49746231311637,Organic,10.17624451791742,7988.7116010681675,Daily,22,1,73.75718384764258,55.83742127344049,Medium,Rainy
Zone A,Saturday,18.00356487775476,51.73556578254403,Organic,71.72223942685952,6666.649494415451,Weekly,29,1,110.14480903906922,34.343751411222236,Large,Sunny
Zone C,Saturday,27.531831735250925,30.817584161656555,Metal,81.79740894007129,5158.97944735236,Bi-weekly,5,1,383.8542738680731,46.69186202643027,Large,Rainy
Zone B,Thursday,23.04257293159595,52.17366843043635,Organic,16.289676544358933,4034.181161550935,Weekly,9,1,462.39731334431065,59.412163656560956,Small,Cloudy
Zone C,Monday,34.43577284649008,74.92122058813148,Plastic,29.648081952910374,3838.7047743152857,Bi-weekly,1,1,157.52293149279473,30.309395505673507,Small,Cloudy
Zone C,Friday,21.176707806645823,42.31412266661917,Plastic,50.614878612827795,2619.6403665258067,Daily,30,0,232.89308283280303,12.898141925329721,Large,Sunny
Zone D,Friday,22.649766505639235,74.29132101937905,Paper,12.23002891190449,7810.066744814911,Bi-weekly,23,1,287.69012822867944,76.10184068916628,Medium,Sunny
Zone D,Friday,20.072556579362725,72.16348883083512,Metal,80.88912622410552,1310.8502607040255,Bi-weekly,29,0,425.90635725418116,40.267462179217375,Large,Sunny
Zone D,Friday,20.747544093463247,69.53524529860533,Organic,6.125691880764141,7396.075332990287,Daily,9,1,446.7659242799238,49.759682092000546,Medium,Sunny
Zone A,Monday,25.261346796944366,33.75372172793217,Plastic,97.14957904429507,3069.270791467903,Weekly,1,0,242.10252346213,79.8751246859201,Small,Cloudy
Zone B,Monday,16.24169426166989,51.885131085922154,Organic,87.6206197000063,5410.909686152679,Bi-weekly,14,0,322.5933941694404,46.19027884586953,Small,Cloudy
Zone D,Thursday,17.759205802920352,61.58049032839935,Organic,55.91842600817288,6703.985831856721,Weekly,1,1,230.96740424743712,0.7783734998135672,Small,Sunny
Zone A,Thursday,23.76054010194622,40.95076333248154,Organic,42.20950876710722,6346.616877968328,Weekly,19,1,449.82917592293853,66.7935863266898,Large,Sunny
Zone C,Thursday,15.14385227111113,61.4078050179171,Organic,77.14180408357534,9514.343500656469,Weekly,6,1,100.16721912053947,52.794635514572505,Medium,Cloudy
Zone A,Friday,25.7068312426819,44.41754222607819,Paper,76.60752001348592,9355.183842745,Bi-weekly,10,1,233.44965093933726,75.08063348110616,Large,Rainy
Zone A,Friday,24.3014073798874,63.01942567684052,Organic,75.18362230834184,5614.286612255623,Bi-weekly,4,0,296.55944061537804,9.851741520972034,Large,Rainy
Zone A,Saturday,18.776062710744586,40.65021782157805,Metal,26.213994018150853,6472.2421320661415,Weekly,9,1,325.175517543379,84.54817429056946,Medium,Cloudy
Zone A,Friday,32.768715034325865,47.87386403526613,Organic,37.68213503247621,8201.490300119885,Daily,6,0,198.54884054705116,43.352905870410076,Medium,Sunny
Zone B,Saturday,23.825657354734098,62.53086977458007,Organic,78.69392003030012,6516.435473427572,Bi-weekly,25,1,124.09547003468992,92.38513057544705,Medium,Cloudy
Zone D,Thursday,21.779568394036886,39.869621154239525,Organic,86.91439790640484,5075.019242539414,Weekly,13,1,345.0637772737545,23.10883780608367,Small,Sunny
Zone B,Saturday,29.26130467244566,64.84074667338696,Organic,34.493294523741305,4426.212453057279,Weekly,1,1,137.77876789797622,34.81661301765994,Medium,Sunny
Zone D,Sunday,20.26609148192942,69.51078244126123,Paper,82.61446846253149,4238.663260825877,Bi-weekly,4,1,135.52185401238862,80.66439558654727,Medium,Rainy
Zone D,Wednesday,31.624039304140158,46.138641596193764,Metal,61.318064097467726,4528.752151277693,Weekly,20,1,375.4756547157161,9.82696056880098,Medium,Cloudy
Zone A,Wednesday,33.81954880211599,58.95577219027358,Organic,62.589427696916566,2895.5442687320447,Daily,8,1,296.469158269722,77.8084748577986,Medium,Sunny
Zone C,Thursday,28.10373455064869,59.126202766434396,Paper,2.8238812956985564,2193.151880945925,Weekly,14,0,182.2115032463514,18.518072876345983,Medium,Rainy
Zone C,Wednesday,29.5239964846355,51.61552020476483,Metal,25.345787788044152,5737.013216611023,Weekly,11,0,343.35665120545,88.11087253044474,Large,Cloudy
Zone B,Wednesday,17.534388323127434,59.94919700861381,Organic,71.36592098117735,4894.332071078672,Bi-weekly,17,0,295.49934283521804,14.99264068558055,Large,Cloudy
Zone D,Sunday,21.60601360763155,67.79664991525324,Paper,95.06751799878013,6702.327309842819,Bi-weekly,29,1,484.95111193003254,77.53709335640983,Medium,Cloudy
Zone B,Wednesday,31.750922632601245,55.7890268999686,Plastic,56.228479019410564,4637.482849848249,Daily,1,0,69.63649455751423,72.1887448774512,Large,Sunny
Zone B,Wednesday,20.505074767008267,30.423259074043038,Plastic,31.589271510329624,7898.901435897296,Bi-weekly,6,0,335.6532190305778,60.90297851967965,Small,Cloudy
Zone D,Tuesday,28.260410405609626,55.220110661229484,Organic,12.248534702113327,2659.4827552954193,Weekly,17,0,493.95888235756973,71.92247124620927,Medium,Rainy
Zone A,Monday,21.041177442623837,31.439698977254178,Organic,74.3837856361631,9464.559291448908,Daily,27,0,344.703521452138,27.76572282718511,Medium,Cloudy
Zone B,Wednesday,29.29039476225639,55.51188854651966,Organic,29.893891008886566,3034.82542142121,Bi-weekly,23,0,358.5272219617183,77.53930530751774,Large,Cloudy
Zone D,Monday,16.899017539275977,58.792344162075,Organic,92.4696218509478,1478.917556273306,Weekly,11,1,417.55300361491993,22.981943888214694,Large,Cloudy
Zone C,Thursday,17.582570718805943,37.259505182012134,Organic,26.55478408317535,7662.757820274052,Daily,23,1,489.4448449221188,60.47946436988466,Small,Rainy
Zone B,Saturday,19.166663706386675,42.55270773905332,Metal,79.2899676010853,6195.293927612857,Weekly,27,1,214.54301143422947,87.81868068348604,Small,Rainy
Zone C,Wednesday,17.044635907397467,53.04931203952995,Paper,20.241409829091303,3211.569213427141,Bi-weekly,7,0,485.6929511445039,5.7370186357436515,Small,Rainy
Zone A,Monday,33.907899856657956,55.597561218402035,Organic,91.61322533641878,9323.788094577641,Weekly,8,1,485.75830339716026,98.28222089557036,Large,Sunny
Zone D,Thursday,33.86896822461668,60.76872187563352,Organic,77.6309271775994,9056.527171437941,Weekly,20,1,292.16208342298137,89.02119387225643,Small,Sunny
Zone B,Wednesday,17.962919748573963,76.03095874384627,Paper,70.96063017304535,9038.870182081842,Bi-weekly,14,1,276.756805837443,45.83504925726996,Medium,Cloudy
Zone A,Sunday,28.32610688410685,60.33197534533654,Organic,18.212577887674204,9458.291423309562,Daily,26,1,191.52556819248386,48.987785736429856,Medium,Sunny
Zone C,Thursday,15.894334411848964,48.980105043176565,Organic,40.081427370245166,4971.960289184273,Bi-weekly,16,0,409.48269971144157,85.33316720479846,Small,Rainy
Zone D,Monday,22.724342391776442,73.33593633130812,Metal,17.686399641143783,2111.142240754456,Weekly,3,0,284.5529221648487,88.91283597049951,Medium,Cloudy
Zone C,Wednesday,23.00841927651174,68.2747052068307,Plastic,7.833346895136432,7565.038374478528,Bi-weekly,23,0,185.68938745386313,75.47263158078583,Small,Cloudy
Zone B,Saturday,25.87479252579726,39.36423966436703,Organic,76.56849518562278,8018.108851149535,Bi-weekly,20,1,86.70795858407038,22.47675553606757,Medium,Sunny
Zone C,Friday,32.74562529409637,46.51370088155612,Plastic,46.826483790356534,6304.695244235156,Bi-weekly,5,0,62.462408368621674,16.849111348360026,Large,Sunny
Zone A,Saturday,17.03016336536575,73.09155073486707,Paper,66.49511046913985,6980.331630292372,Bi-weekly,17,1,454.8440362149402,98.84064009889735,Large,Rainy
Zone D,Thursday,18.710485873246753,74.36235003626142,Organic,82.51675535695816,8936.725423709468,Weekly,25,1,126.82430265403123,27.08614465615211,Large,Cloudy
Zone B,Thursday,27.706474072485328,37.08739991308442,Organic,24.254886579328886,6636.825686240646,Bi-weekly,29,0,190.05284681164235,54.106132582581544,Small,Cloudy
Zone C,Friday,30.144951789701004,54.53201440139283,Organic,29.066425250219023,5195.771913346247,Daily,8,1,91.18328615630392,14.54747406989263,Medium,Sunny
Zone C,Tuesday,24.500200295847584,62.356562349649785,Paper,88.09798596024226,6565.749693705798,Weekly,18,0,93.09131337177226,6.553560811092918,Medium,Sunny
Zone A,Tuesday,25.87492586344675,51.656208902616015,Organic,12.32485399633205,7366.914678759901,Weekly,1,0,191.00645305275407,99.7199756662146,Medium,Rainy
Zone B,Tuesday,22.50047421045502,48.02743319684323,Organic,4.198335945498645,6638.292513281801,Bi-weekly,14,1,246.0916243005354,17.44011834063889,Small,Sunny
Zone C,Saturday,32.03683669141063,76.36822645432642,Organic,73.81660469497525,1176.9232479650898,Weekly,20,1,491.4343632598846,45.59938098614863,Medium,Rainy
Zone D,Wednesday,21.543175537105917,54.37642569058068,Paper,53.68566761530113,6402.313799911655,Bi-weekly,8,1,165.08324177172088,26.637815504969787,Small,Rainy
Zone A,Wednesday,19.118683686635475,67.28761697317503,Organic,12.762289641246548,4431.168863013871,Weekly,26,1,257.6680719273659,35.60722707261065,Small,Sunny
Zone B,Thursday,32.83036126960902,63.98772079191089,Organic,20.648593746984815,6546.473728671812,Daily,12,1,156.40263096685928,82.36048957842324,Small,Rainy
Zone D,Tuesday,17.536247119669312,76.07320685898749,Paper,83.16523186240734,7357.472103286936,Bi-weekly,20,1,77.39542869955517,42.57354965874537,Small,Cloudy
Zone C,Saturday,15.136578777556371,78.26410408679727,Organic,42.89257411857883,2440.099915134943,Daily,14,0,114.16845243618518,67.51936032401288,Large,Cloudy
Zone B,Friday,16.238671796771573,58.15260915232594,Paper,41.56266784330474,3532.601302391711,Bi-weekly,26,1,497.7517791343589,38.21334181864962,Small,Rainy
Zone B,Friday,15.25007024792718,31.869574183880037,Metal,91.06432899374899,8588.514880688908,Weekly,15,0,216.89396393162835,36.6229558754291,Large,Sunny
Zone B,Tuesday,17.925069812310927,54.644048311354034,Organic,89.44839527042754,4699.69971161293,Weekly,30,0,357.6882235805592,34.98158381338363,Medium,Cloudy
Zone A,Wednesday,28.399205960873033,42.161330524042384,Metal,7.954007196125974,4739.4792396611265,Daily,29,1,226.38629275867868,6.2557060875941595,Small,Sunny
Zone B,Saturday,26.925657195308723,75.86083943099395,Paper,26.022344597639346,7522.027768278286,Weekly,4,0,190.24533487101013,14.838368735542296,Small,Rainy
Zone D,Monday,34.03311695198735,30.093606117774474,Organic,18.414507703999327,9600.613615758457,Weekly,2,0,55.3716328891585,47.17155156047876,Medium,Cloudy
Zone D,Sunday,29.64693515679663,57.5652919897646,Metal,49.85494846278287,7447.198895178785,Daily,30,0,363.37250622500716,65.11131339956493,Small,Sunny
Zone C,Wednesday,19.306067884179587,66.46513074856088,Metal,90.19091674530232,2248.146789988017,Daily,17,0,243.06837419794323,42.20708783798535,Medium,Cloudy
Zone B,Tuesday,19.550496785621114,41.384163849091365,Metal,59.64446422571005,7064.591582748969,Bi-weekly,18,0,229.30236851874741,65.51707023264814,Small,Sunny
Zone B,Sunday,26.807893997628746,53.14749216472974,Organic,30.74762765726899,6183.994653765236,Weekly,16,1,281.43199967205265,12.5368881169726,Medium,Sunny
Zone C,Friday,18.306059643598513,56.25461031412692,Paper,33.079328260796615,5907.743514995095,Weekly,27,0,233.10412763636438,58.16795602544376,Large,Rainy
Zone D,Monday,30.028194601675388,48.83004977897851,Organic,71.13882883053206,7159.4749928658675,Bi-weekly,13,1,218.81518088988304,11.174292223850967,Large,Sunny
Zone C,Monday,23.948083288320127,34.818824287432996,Plastic,58.25155102527609,5800.63907209443,Bi-weekly,11,0,376.02063259932595,72.7452360687181,Small,Sunny
Zone B,Monday,33.5697426340177,61.591749488705275,Organic,3.4738183455871887,7118.568181801435,Bi-weekly,25,1,57.061587043179514,68.82075302320082,Medium,Cloudy
Zone D,Sunday,28.11016919869632,35.50959137443841,Plastic,92.12326520062197,2095.3696399783043,Daily,27,0,108.59108153615303,38.12354358374264,Large,Cloudy
Zone A,Thursday,27.891038985857552,46.326760235244876,Paper,33.46591318387435,6284.917354785847,Weekly,26,0,349.5500136676946,35.653976912455306,Large,Cloudy
Zone D,Saturday,31.566502963590317,59.6662058516326,Organic,4.776117232872828,9721.857975717881,Weekly,23,0,113.92539196687203,52.86338078938964,Medium,Sunny
Zone B,Thursday,20.541890241241276,75.58788385090558,Organic,14.859251430087175,5002.375815335924,Bi-weekly,25,0,479.7817226066656,40.37777563038841,Medium,Cloudy
Zone B,Monday,16.528933520912737,46.459189435151316,Organic,79.72645584905419,8478.639844402427,Daily,5,1,358.71766374848886,55.646322163194206,Small,Cloudy
Zone D,Thursday,33.7758872409391,73.23969545025335,Organic,54.351455962485176,4384.01883780127,Bi-weekly,1,1,260.4240089095641,47.11318656626534,Large,Cloudy
Zone C,Tuesday,21.079518820496986,39.66672947414312,Metal,55.55131954179037,6258.495297545611,Weekly,29,1,157.09970966570415,18.27616784981475,Small,Rainy
Zone D,Tuesday,34.08215260624771,45.63449622586536,Organic,95.01190188232916,9190.3359454268,Weekly,18,0,263.3945688267953,25.538886368320746,Medium,Rainy
Zone A,Tuesday,20.335060675062834,48.26966847972825,Organic,10.89131232484655,5406.853765505457,Bi-weekly,7,1,126.87221804986287,66.23378740021597,Large,Sunny
Zone D,Sunday,17.63362808489912,59.26744408420917,Organic,82.62378942887517,9900.695861692808,Daily,1,0,68.37976143108872,85.00614653003838,Large,Rainy
Zone B,Thursday,17.62640329914936,39.399098196058915,Paper,27.35567860300332,5052.901515738946,Bi-weekly,6,0,236.5386476247748,6.606605718268932,Medium,Cloudy
Zone A,Sunday,17.128199360542947,74.13100658113589,Organic,30.142661623844123,1760.5840709621502,Weekly,15,1,104.00505112613031,57.3781527211549,Medium,Cloudy
Zone B,Wednesday,33.5246581351152,56.564264568655695,Organic,94.19186235174371,8799.133235863403,Daily,13,1,110.81449817762348,45.85208800986529,Large,Rainy
Zone A,Tuesday,23.327482885478744,59.72054264437817,Organic,52.775674184943234,1962.9278273485006,Bi-weekly,4,0,130.9921724787572,3.6967670954339837,Large,Cloudy
Zone A,Thursday,26.27274746477118,32.28721481384086,Organic,72.54048595979341,7193.507967284685,Daily,2,0,151.41091995944421,37.640061591898245,Large,Cloudy
Zone A,Sunday,25.458922434232633,65.70196226387392,Organic,20.392236827221573,8843.25116544397,Weekly,29,0,223.20044568323743,5.958999807861964,Small,Cloudy
Zone C,Sunday,22.256354596125604,36.25607527234869,Organic,36.36079107636803,1705.0287137992775,Daily,23,1,130.84227014224825,80.98641454663972,Medium,Cloudy
Zone A,Monday,21.751294547069122,72.29347192694189,Organic,91.17431372768559,6117.5781090557375,Daily,5,1,337.47864583281165,72.1327006270734,Large,Rainy
Zone A,Tuesday,30.48260071615162,47.37956719455393,Organic,73.59339527977518,8645.947683366809,Weekly,23,0,413.79332925519276,4.396357829342401,Large,Cloudy
Zone A,Tuesday,34.57953931865086,40.96929991552093,Plastic,12.246041303578142,1457.5615121648993,Daily,3,1,313.73464314820404,10.86107345645242,Small,Cloudy
Zone D,Monday,31.70301659298468,74.4038126867232,Organic,16.255065037583407,1287.8810714080148,Bi-weekly,21,1,272.96850393608247,32.9144048694471,Large,Rainy
Zone D,Tuesday,20.6280261644544,49.61595209099438,Metal,32.218403156585595,5442.9276415691165,Daily,19,0,240.81773558061184,30.63489898031122,Small,Rainy
Zone C,Friday,17.3243990048948,37.20011970763693,Organic,90.65149243323779,2081.407819484198,Daily,7,0,93.89711758617186,47.069678434486704,Medium,Rainy
Zone D,Saturday,26.497794911274042,41.73350887854233,Plastic,91.17115094051569,4559.558650943567,Bi-weekly,22,0,228.30443945027147,99.50405798740711,Small,Rainy
Zone B,Wednesday,27.807901972718053,52.56204000939448,Plastic,46.49588822659748,8443.55511886289,Weekly,24,1,54.681710592278506,60.11714573306284,Small,Cloudy
Zone A,Friday,20.5978863451311,33.1202875261317,Plastic,77.27977323123872,7895.446679944505,Weekly,20,1,453.7778420524346,90.71921927371352,Small,Sunny
Zone A,Monday,29.98843299655214,46.02680451842886,Paper,7.33518992257091,8258.00338619106,Bi-weekly,1,1,248.44274384811519,68.54847678109913,Small,Rainy
Zone D,Tuesday,20.53387811630193,74.23924454094154,Metal,86.65839025398715,2321.4641809473387,Weekly,22,0,498.66200409693954,22.852295128386768,Large,Rainy
Zone D,Tuesday,34.935030534481854,65.32136947249863,Paper,36.055807217043125,6269.771151040982,Bi-weekly,30,0,51.950419513425736,77.79372671233389,Medium,Cloudy
Zone C,Monday,33.30920931056774,61.72597106674908,Paper,72.06732793802144,8539.681395134654,Weekly,8,1,395.26146227472617,96.82369079141657,Small,Sunny
Zone B,Friday,16.238671796771573,58.15260915232594,Paper,41.56266784330474,3532.601302391711,Bi-weekly,26,1,497.7517791343589,38.21334181864962,Small,Rainy
Zone B,Saturday,18.8972351176501,72.02342473478728,Metal,32.40722824673959,7556.4202213597655,Daily,6,0,412.33516414908746,48.70636693845567,Large,Cloudy
Zone B,Tuesday,24.953712617079958,53.13632167034272,Plastic,12.172115243189399,1831.2305657601216,Daily,22,1,461.49757855057163,15.485051230120728,Small,Cloudy
Zone C,Wednesday,28.66426760789406,53.57437575731375,Metal,30.868489225367675,2832.2680784514087,Weekly,22,0,260.4752161268142,55.96724148657266,Small,Cloudy
Zone B,Monday,17.847303963810106,42.12034523327554,Organic,59.46458378036949,4751.42078165255,Daily,15,0,84.43521577515202,95.92212520270105,Medium,Cloudy
Zone A,Wednesday,16.69990827121392,69.44953489950669,Organic,36.998505825745525,9469.135150258942,Weekly,20,0,92.3267928238958,61.92696209844309,Large,Sunny
Zone D,Monday,24.94392650651102,77.57567450921894,Organic,53.94344441376703,4879.627376951478,Weekly,8,1,250.92205574856735,46.906989357600374,Large,Sunny
Zone D,Sunday,21.2124652414357,30.675594215686388,Plastic,15.114465276639535,9282.4403559943,Daily,19,1,418.6823655249733,27.495493141945825,Small,Cloudy
Zone A,Saturday,34.927334254952164,77.4079546451049,Paper,58.732806447878524,8419.336505484785,Daily,17,0,395.0321603681007,9.334412767604249,Small,Cloudy
Zone C,Wednesday,23.00841927651174,68.2747052068307,Plastic,7.833346895136432,7565.038374478528,Bi-weekly,23,0,185.68938745386313,75.47263158078583,Small,Cloudy
Zone D,Monday,22.724342391776442,73.33593633130812,Metal,17.686399641143783,2111.142240754456,Weekly,3,0,284.5529221648487,88.91283597049951,Medium,Cloudy
Zone C,Friday,26.299977211060764,59.44214400087002,Organic,34.61489472505519,9351.013234594795,Weekly,25,1,482.5909167620194,0.4980326172078442,Medium,Rainy
Zone B,Thursday,23.46644627280517,39.895944970390545,Paper,50.35236736154135,5783.968925894473,Daily,26,1,460.3006818163601,73.85938660623556,Large,Rainy
Zone C,Monday,17.228361294704836,50.8860541147869,Organic,10.429528183321947,5886.100930942423,Bi-weekly,27,1,68.39983231557919,94.56685633413716,Small,Sunny
Zone A,Friday,27.609138208986302,62.71882162129128,Organic,37.86896131663203,5767.839001606739,Daily,24,0,312.7239109214479,57.546707171452574,Small,Sunny
Zone C,Thursday,20.47924371017391,41.45078221430182,Plastic,23.549819795187044,7871.1254603720845,Daily,3,0,344.4946721719302,4.3596164047407076,Small,Cloudy
Zone B,Tuesday,28.255922982277674,79.9933982711772,Organic,84.23861772215164,7538.617251896918,Daily,16,1,200.60328236135817,50.225604432423054,Large,Cloudy
Zone D,Friday,22.197374171335575,52.45635572429141,Paper,95.23543265539215,2035.8748791237176,Weekly,25,0,485.4388671600488,99.0268784445706,Small,Rainy
Zone A,Tuesday,24.66868647538213,49.94517609789182,Plastic,24.883790389469503,9104.601618716064,Daily,6,0,389.99607271575366,93.61519478597806,Large,Rainy
Zone D,Tuesday,20.6280261644544,49.61595209099438,Metal,32.218403156585595,5442.9276415691165,Daily,19,0,240.81773558061184,30.63489898031122,Small,Rainy
Zone C,Friday,32.5157341090185,57.113719387256026,Organic,30.681877110849673,1169.909703685462,Weekly,10,0,397.1363933544271,63.77590969324083,Large,Cloudy
Zone C,Saturday,18.72831630453611,45.26448634394353,Organic,77.52858324416309,2228.409998080175,Bi-weekly,10,1,435.5803795225083,65.25297890725318,Large,Rainy
Zone A,Thursday,17.796540274216,49.20802429014665,Metal,10.283658062642646,3869.960513452779,Daily,24,0,146.3147195578263,38.2789395094409,Medium,Rainy
Zone B,Tuesday,34.248293663217225,32.393118971522135,Organic,16.61847384438661,8518.542872278975,Bi-weekly,2,1,243.267576179154,94.34734156681367,Large,Sunny
Zone A,Monday,17.495320796137726,76.83584712784878,Plastic,22.058926492569682,7258.144851792979,Daily,1,0,196.4966810944392,55.66117435184399,Small,Sunny
Zone C,Sunday,25.28999464375834,66.92548642472958,Organic,29.776219028640302,8977.30759891064,Weekly,21,0,357.0546829849673,48.66326745915385,Large,Sunny
Zone B,Thursday,17.62640329914936,39.399098196058915,Paper,27.35567860300332,5052.901515738946,Bi-weekly,6,0,236.5386476247748,6.606605718268932,Medium,Cloudy
Zone A,Monday,17.111007297290605,75.57464739567425,Organic,35.89427337230393,5188.594281947139,Daily,28,0,162.33856770818974,81.95513081281055,Small,Rainy
Zone A,Sunday,32.29639619134245,34.481989413868,Metal,32.24973288909467,3640.5776213015274,Daily,8,0,144.17279490269402,87.97319775633005,Small,Sunny
Zone A,Friday,31.86257901764058,53.87686740075738,Organic,42.5331070546727,5259.2017894933815,Daily,18,1,380.12751236275216,70.69121489667856,Large,Rainy
Zone B,Tuesday,23.469408336896777,66.84019974209497,Paper,98.99128773835226,1203.9455889642206,Daily,29,0,220.93367205624756,71.05149514488716,Large,Rainy
Zone A,Monday,16.978656162940254,47.277569959952714,Plastic,5.570604607638228,4068.113116192899,Bi-weekly,22,0,120.41377396031734,99.81164626658486,Medium,Rainy
Zone B,Wednesday,32.089899518609684,42.178869801937985,Organic,12.760457426867445,2878.7411370932864,Daily,24,1,303.2442850977056,87.6712211571546,Small,Cloudy
Zone B,Wednesday,33.710367106532594,38.18650654678184,Paper,9.66499433147183,4962.469771383716,Bi-weekly,26,1,390.815287448721,5.026136349258826,Medium,Sunny
Zone C,Tuesday,25.653993958181445,75.5395498184235,Organic,8.814973223053892,2198.651326299212,Daily,30,0,345.069544779159,12.667213464752958,Small,Cloudy
Zone B,Tuesday,32.36781199135183,66.59694359309943,Organic,65.44293470692516,5771.325794430835,Bi-weekly,30,1,378.4070292655013,63.346787019742564,Medium,Cloudy
Zone B,Saturday,34.13250895677225,73.28805345537864,Organic,15.573528947919351,4477.192069096291,Weekly,25,0,477.44291731599736,16.465260935144155,Medium,Rainy
Zone D,Saturday,32.24612441817986,33.81032661433829,Plastic,89.85387852998406,7534.067475541403,Weekly,2,1,94.1579958155348,13.006264398030243,Medium,Sunny
Zone A,Wednesday,22.997341194097903,50.30654196955561,Organic,36.40729829821335,6797.663968424857,Daily,28,1,494.7477371168547,17.647444683791125,Large,Cloudy
Zone A,Monday,25.8286914896872,36.07743500856876,Plastic,24.243574673801795,4452.015099376137,Weekly,11,0,114.74099239854041,31.533729307547308,Medium,Rainy
Zone C,Saturday,31.859295465692924,35.02318995424355,Organic,40.52870870306691,6452.278339190591,Bi-weekly,4,1,320.64705272727485,76.87868547605751,Large,Cloudy
Zone D,Saturday,33.979623019995714,33.220614802448715,Organic,38.57686548170463,4367.882239921677,Bi-weekly,20,0,282.1604878985178,94.32115804504623,Large,Cloudy
Zone B,Sunday,27.692654815222557,68.45745461618256,Organic,60.1993242166124,6640.892811482443,Weekly,11,1,85.69201975152563,44.74359232264739,Large,Rainy
Zone B,Wednesday,18.32366319702033,47.74075609744507,Organic,80.5000370368943,5753.635559345723,Weekly,14,1,248.9389509392179,10.865926304047768,Large,Cloudy
Zone C,Monday,19.983484372147128,30.43641656539909,Plastic,2.593961446878094,6743.6395142526435,Weekly,24,0,257.27123867687277,85.48944126375685,Small,Rainy
Zone D,Tuesday,17.812933892526388,38.47508479447605,Paper,82.77853756177358,7347.404139819965,Bi-weekly,6,0,460.94281629051204,92.89254696023588,Small,Sunny
Zone C,Wednesday,15.674219765271928,42.55175629971274,Plastic,58.006529305620006,4025.034602137279,Daily,3,0,212.5244007264323,2.03666923224618,Medium,Rainy
Zone D,Wednesday,32.13796911723493,32.555450064291065,Plastic,93.77067682910736,9696.005178976857,Bi-weekly,25,1,206.09569596679813,9.266513599828908,Small,Cloudy
Zone C,Saturday,24.0934244816072,67.52181764288184,Paper,25.15179706096727,6560.364322067053,Bi-weekly,9,0,135.9806594564244,56.45816404311592,Small,Sunny
Zone D,Monday,24.357939345178416,41.955352755698215,Metal,94.9972777406885,3815.433455814121,Bi-weekly,27,1,196.30857583551398,88.65795705185374,Medium,Sunny
Zone A,Saturday,23.786081163867877,48.864088860444795,Organic,58.23853135539329,7618.952666264397,Bi-weekly,23,1,438.7047648497319,70.33365575783239,Large,Rainy
Zone A,Saturday,31.678463114471292,31.490053670218384,Plastic,89.77076803331917,6310.520623081138,Daily,9,0,132.0043356803056,34.666948726347734,Small,Rainy
Zone A,Wednesday,23.12601970695676,74.6040885766754,Organic,35.06100932672834,1224.1998396610709,Daily,17,0,235.16192999113585,89.48568791122476,Small,Sunny
Zone D,Sunday,33.85680311716125,38.022071706859215,Plastic,5.167705640465004,3351.0658688921358,Weekly,26,1,389.8284999249018,80.10675121120025,Medium,Sunny
Zone C,Thursday,29.28686871430954,51.025179354155206,Organic,75.8241169890107,7532.592956733304,Bi-weekly,18,0,436.2260714589925,96.18582035378827,Large,Sunny
Zone D,Friday,18.566028850821503,43.86957062736765,Organic,20.39963248673807,8023.628960122748,Daily,23,1,89.52483664861873,52.20039457449099,Large,Sunny
Zone C,Wednesday,19.73457283113827,37.49960649632705,Metal,62.86987562263348,7651.079480182492,Daily,8,1,117.11969226000423,1.5912562725541979,Small,Sunny
Zone C,Monday,23.206633493426708,36.457053891365405,Paper,96.10059975495042,6288.791488039262,Bi-weekly,2,0,313.7907655622441,7.501752653678528,Large,Sunny
Zone D,Thursday,31.692395965811052,35.75027100451162,Metal,77.38350477216906,2384.1627572802254,Bi-weekly,29,1,396.1840617679421,68.76975744666592,Small,Cloudy
Zone D,Monday,19.376537104611508,71.79092620023286,Metal,38.79724162647406,8235.214451387626,Daily,7,1,330.4338572084748,90.13272426012728,Large,Sunny
Zone D,Thursday,25.728594287470283,62.585668609506776,Metal,47.987354101787645,2388.5347164226205,Bi-weekly,5,0,269.683929064612,44.637053885591385,Medium,Cloudy
Zone A,Saturday,32.752449350380004,75.79619306177221,Metal,13.681752946466442,5788.082142151624,Weekly,6,1,493.03262627334277,53.88463206743458,Medium,Rainy
Zone C,Saturday,24.0934244816072,67.52181764288184,Paper,25.15179706096727,6560.364322067053,Bi-weekly,9,0,135.9806594564244,56.45816404311592,Small,Sunny
Zone B,Friday,26.01636897075615,44.24474855460686,Metal,45.4392448002668,8789.143410167624,Daily,2,0,496.6187289122721,71.60687961162463,Medium,Rainy
Zone B,Tuesday,27.444327119409635,49.7803347834536,Paper,59.84030200480895,8711.156141262092,Daily,2,1,208.32187570144524,80.10307649620194,Small,Rainy
Zone D,Monday,24.357939345178416,41.955352755698215,Metal,94.9972777406885,3815.433455814121,Bi-weekly,27,1,196.30857583551398,88.65795705185374,Medium,Sunny
Zone B,Tuesday,34.81528181528918,57.66898952791371,Organic,6.493484412580142,5301.160316501499,Bi-weekly,29,1,257.12470673761845,46.449596109191894,Medium,Rainy
Zone D,Saturday,23.197191829772066,39.76605972241667,Organic,29.443744118721206,1367.3310168514813,Weekly,18,1,189.92785539360648,21.580696352584518,Small,Cloudy
Zone C,Monday,26.96647266065402,54.82530385158899,Metal,36.1295026249746,2603.93384603708,Bi-weekly,20,1,398.8849740465409,10.75474213192168,Large,Rainy
Zone A,Tuesday,29.244803909044972,66.68795906856887,Paper,51.04809909256194,8930.851184701354,Bi-weekly,9,1,312.18595407706425,65.92799895344886,Small,Sunny
Zone C,Saturday,34.0116402064986,33.76142800618298,Plastic,19.208895656123364,1631.8804347588348,Bi-weekly,17,0,114.64760035511758,85.13060557418912,Small,Cloudy
Zone A,Tuesday,34.92734579239452,67.4957715740733,Paper,16.65228711718546,3587.267621550553,Daily,11,0,429.72556778912553,61.23913071186515,Medium,Cloudy
Zone C,Tuesday,22.79469973905971,77.35982095414931,Paper,72.53515670348617,3837.3100914346146,Bi-weekly,23,0,281.12915815363704,89.02209417394239,Small,Cloudy
Zone D,Sunday,20.41881545950672,68.56145035770516,Organic,70.98082438044966,5100.777454888364,Bi-weekly,30,0,180.76205450998617,30.959016155887454,Small,Sunny
Zone B,Saturday,15.66751665246388,42.41145522862882,Plastic,26.883087973978927,4582.733505471953,Bi-weekly,28,1,147.63382754414476,84.52187508348527,Small,Cloudy
Zone A,Sunday,32.29639619134245,34.481989413868,Metal,32.24973288909467,3640.5776213015274,Daily,8,0,144.17279490269402,87.97319775633005,Small,Sunny
Zone B,Sunday,17.194983466072635,57.89242566050811,Organic,18.780251351789484,7640.274762390609,Daily,22,0,196.1595194434792,28.968902161472563,Small,Sunny
Zone D,Monday,23.787072452129348,33.51799130467683,Organic,39.24267614063373,9729.003595942939,Weekly,8,1,385.50323610671626,96.20184089877746,Small,Rainy
Zone D,Tuesday,18.171879553766917,59.38115337282174,Organic,70.92360931212426,5439.3388111264085,Weekly,26,0,336.64034622814813,0.6830489228975112,Small,Rainy
Zone D,Thursday,31.692395965811052,35.75027100451162,Metal,77.38350477216906,2384.1627572802254,Bi-weekly,29,1,396.1840617679421,68.76975744666592,Small,Cloudy
Zone B,Sunday,28.178392967220095,37.402698351870384,Organic,85.26774078154355,6400.059013093579,Weekly,19,0,404.91580065998227,30.24153770904402,Medium,Cloudy
Zone D,Thursday,27.182937983168785,75.02766817342228,Organic,93.18649237811798,2215.437955668128,Bi-weekly,23,1,426.8409472724301,27.8111580022802,Large,Sunny
Zone B,Monday,20.38631011522618,64.04026481757566,Organic,36.78900360969106,9959.892368584206,Daily,13,1,324.2957870161494,20.461126118398333,Large,Cloudy
Zone C,Monday,19.619971406360825,60.21757422930634,Paper,78.3148040623137,8668.266667772094,Daily,8,1,445.67943387405876,90.04412316252483,Medium,Sunny
Zone B,Saturday,16.507194996460022,37.95180316886942,Organic,48.044221662032015,7117.123046506279,Daily,16,0,411.2726760646595,11.052856729246741,Large,Cloudy
Zone C,Friday,29.844108910444767,79.1263928360964,Paper,62.435286421087824,1198.4668705186482,Bi-weekly,29,0,81.61806401708648,56.60382667024291,Small,Sunny
Zone C,Monday,17.665003129434332,71.95994172792699,Metal,82.0360286081576,8893.179363368228,Weekly,3,1,68.0224467858863,59.337991204657314,Medium,Sunny
Zone A,Friday,19.722978744724728,63.811861145950346,Organic,79.28444258275782,9328.313381727889,Daily,5,1,53.01713902589588,14.306091395972064,Medium,Cloudy
Zone C,Sunday,15.985428608234999,38.55926776771352,Plastic,75.69106632540142,4055.495892826421,Daily,13,0,354.8372347009046,63.81300518433149,Medium,Sunny
Zone C,Sunday,32.152627084793636,61.14119531463981,Plastic,24.5603140038607,4260.552371950833,Daily,4,0,160.2099591972056,6.860310330531161,Large,Rainy
Zone D,Thursday,28.935411272551384,54.380846741257415,Organic,4.045223642504856,8124.448699423204,Weekly,19,1,177.73193690801776,74.95549184123819,Small,Sunny
Zone C,Wednesday,28.52818905477237,45.58857317024515,Paper,90.57350086355974,4162.500142698325,Daily,18,1,484.254220253487,38.016053482787285,Medium,Cloudy
Zone A,Tuesday,30.591123826868206,64.34457340147054,Plastic,40.15146494956197,6945.275856593945,Daily,16,1,421.03975990478057,99.02656603567708,Large,Sunny
Zone C,Friday,18.69274877507833,34.25012813928385,Organic,77.5113014177958,6508.311414586582,Daily,23,0,75.79288239126775,20.434440971949506,Small,Sunny
Zone B,Thursday,29.95313512023142,63.61467615873296,Paper,32.87873459592751,3049.047218088733,Daily,6,1,343.1996154646347,83.87548337136171,Medium,Sunny
Zone C,Monday,22.591188984984072,35.76367634710175,Organic,46.0308789189239,3471.7766238276013,Daily,11,1,389.1829632583995,19.586848171639282,Small,Rainy
Zone D,Monday,15.037766503033048,64.34845209618516,Plastic,24.252332402161286,8052.265290719525,Daily,8,1,385.6595667274446,60.382202074407886,Medium,Sunny
Zone C,Friday,23.447621365357413,70.30227683013878,Organic,10.28787863190683,6799.239387147172,Weekly,2,0,158.09962428210451,75.34073283669458,Small,Cloudy
Zone A,Wednesday,16.807390255816962,52.97275585617075,Plastic,78.37701133009625,1652.3517871819215,Bi-weekly,4,1,100.81634655891114,31.04051452601513,Small,Cloudy
Zone C,Monday,16.351780417766435,43.15650682937948,Organic,24.30331988501378,3750.397853547897,Weekly,16,1,87.2235690455833,4.240011939595201,Medium,Rainy
Zone D,Wednesday,26.91619349967461,67.91627092146662,Organic,74.41559023003302,3685.969167888201,Daily,21,0,183.60766120997886,65.53538912601076,Medium,Sunny
Zone D,Thursday,21.828325911607315,44.914265293110056,Organic,86.64343414434298,6567.471305023933,Weekly,8,1,159.44694785707236,2.2488220957137095,Medium,Sunny
Zone D,Thursday,17.201105028404363,55.58525404146122,Plastic,48.40294021471768,6739.295059023289,Bi-weekly,10,1,439.10813754288625,3.4840397375128007,Small,Cloudy
Zone D,Friday,28.227131259148248,43.559338342350095,Organic,86.97434869272833,8168.333846768037,Weekly,29,0,172.66319222339285,67.48621018594322,Small,Cloudy
Zone B,Monday,33.836031500981456,52.86247151580906,Organic,73.35308302521626,8444.31043333701,Bi-weekly,19,0,438.7322614998494,91.6868236261775,Medium,Cloudy
Zone C,Wednesday,18.837450619368823,47.88489705692122,Organic,86.65468905558502,8826.717341774955,Weekly,29,0,239.81142860972525,43.01828702499548,Small,Sunny
Zone B,Tuesday,32.200807164281564,63.87556701253221,Organic,88.08582773702733,2358.109071144132,Weekly,25,1,271.44241720370337,79.7933057181389,Medium,Sunny
Zone B,Thursday,29.000142702219847,70.05500658852907,Organic,40.07625315206342,6749.362203572206,Bi-weekly,3,0,293.00820767292413,52.742131865522005,Medium,Cloudy
Zone A,Wednesday,30.838731323457615,77.11274102174141,Organic,81.80154596079964,9899.765569715715,Daily,16,1,86.12227592580135,41.77916505242938,Medium,Rainy
Zone A,Sunday,18.514679947919188,78.76206039779638,Metal,17.34721939378616,2093.1280243642723,Daily,29,0,265.09717197974214,15.202465140961852,Large,Rainy
Zone A,Saturday,20.839089310520464,61.311073314308345,Plastic,82.94897043366029,1021.7907348119252,Daily,23,1,161.75342722668904,95.59848487747114,Medium,Sunny
Zone A,Thursday,23.132778242716867,48.01777964438528,Organic,63.9853875670171,9671.189124772101,Weekly,11,1,303.18901496191233,76.6542355508079,Large,Rainy
Zone D,Saturday,30.42990172097024,32.60773027357319,Organic,88.16991541771738,4172.090143686592,Bi-weekly,1,1,487.6936819249061,95.41599158777184,Medium,Rainy
Zone B,Sunday,15.448825731299664,44.860737115056786,Organic,6.7575581190631535,4751.674648732325,Weekly,29,1,492.7533255558449,37.77533210713499,Large,Cloudy
Zone D,Tuesday,16.225365040409912,76.60646035203058,Organic,16.629597665587525,5477.133500521784,Bi-weekly,22,1,108.20972451510644,9.19360592342624,Medium,Rainy
Zone D,Friday,20.334605307216382,64.80171469016398,Plastic,14.59685636415314,9150.189701774827,Daily,4,0,198.4211974115125,24.910436735712548,Large,Sunny
Zone A,Thursday,22.890959789478238,53.15105734008716,Paper,14.02099634253813,7824.037145061035,Daily,25,0,427.7129939436984,0.1920635735551679,Small,Sunny
Zone D,Monday,22.011618873238543,73.26020396285263,Organic,10.93636441141578,3809.9832228371597,Bi-weekly,2,0,150.5147942593632,84.57984860964216,Medium,Rainy
Zone D,Sunday,30.45768412179531,38.8208066933687,Organic,31.784453515611567,2019.819665250904,Daily,17,0,182.7248016176231,99.37848519757323,Large,Rainy
Zone D,Thursday,30.590483676801107,31.749541659726354,Paper,59.72655235675249,8273.738019734887,Daily,19,1,374.039549656774,79.30614013681613,Small,Sunny
Zone A,Monday,32.68050028289288,61.13542709038218,Metal,82.33278788723268,2061.216831790033,Weekly,1,0,108.11506683245305,8.921424790541243,Small,Cloudy
Zone D,Tuesday,17.889209386101005,77.46038937202358,Organic,39.3809659131457,3239.254247801624,Weekly,16,1,180.1357185160867,43.579637985898835,Large,Rainy
Zone C,Monday,32.90844753728719,56.04669075465723,Plastic,62.70069795206404,4239.258149483261,Weekly,20,1,278.28845436005804,35.4345084829965,Medium,Rainy
Zone C,Saturday,20.76986965251092,61.70838740964517,Organic,22.179847104071115,5560.898595611415,Weekly,4,1,50.12102645926777,99.11007454935056,Large,Sunny
Zone A,Monday,30.86497382542539,61.85621810591736,Metal,26.850586135420127,4051.9862628302008,Bi-weekly,21,0,488.532812775782,54.43273830655207,Large,Rainy
Zone C,Tuesday,17.539474151166992,64.26448037496405,Organic,57.5240633322754,3893.4833354272982,Bi-weekly,3,1,260.13456243897406,3.095761125744634,Medium,Rainy
Zone B,Tuesday,17.49276140391422,73.27504713579833,Plastic,4.994416802485502,3870.8695695239617,Bi-weekly,16,1,73.50908424445744,3.617875864007003,Large,Sunny
Zone D,Wednesday,19.788057604580484,41.898252804820366,Plastic,6.153036436109722,4948.5407820031605,Daily,12,1,65.2160270154966,18.669818658292204,Medium,Sunny
Zone B,Sunday,24.06047722053585,66.59315518109618,Organic,11.275974319992542,3999.3117754353643,Bi-weekly,19,1,264.3065623273131,90.52920684400111,Large,Sunny
Zone A,Friday,31.83119942706532,49.53969403021824,Organic,88.41839417414292,8312.320738504019,Weekly,18,1,65.24264729169492,71.42592330993948,Medium,Rainy
Zone D,Thursday,30.20782827436038,52.812738393166725,Metal,62.877218212779496,2254.122877398856,Weekly,16,0,256.9636571797346,10.78621902158271,Large,Sunny
Zone B,Monday,31.955416343906265,70.33322924122783,Organic,39.623432490490316,1637.0201907337323,Daily,7,0,342.52496872381545,66.02427544012455,Large,Rainy
Zone B,Friday,26.01636897075615,44.24474855460686,Metal,45.4392448002668,8789.143410167624,Daily,2,0,496.6187289122721,71.60687961162463,Medium,Rainy
Zone C,Tuesday,33.408159924680376,76.89014834711247,Organic,62.51461561991475,6091.62158368016,Bi-weekly,6,0,269.93495998785284,58.29886857662696,Large,Sunny
Zone B,Tuesday,15.208286524568631,73.38006846845474,Organic,63.325843473082095,7037.159276153633,Daily,23,0,313.6695171667788,52.310351307312885,Medium,Rainy
Zone A,Thursday,21.082678024883883,58.300758330064234,Paper,38.28101229675803,2252.2171064811882,Weekly,10,0,201.36632971834925,76.7175392379871,Large,Cloudy
Zone C,Tuesday,23.398079838380156,30.80966302764552,Organic,2.956538636932555,7062.092431987872,Daily,24,1,68.14688576222748,9.916947349259942,Medium,Cloudy
Zone C,Tuesday,19.9164904350894,56.757416425322354,Organic,75.95970592390648,2375.05299438533,Daily,19,0,337.55861735468716,21.79380017521202,Large,Rainy
Zone D,Wednesday,28.382157326855378,60.76906407998783,Organic,70.3320482356226,8862.635340616409,Daily,16,0,495.4509499815697,34.92485900545067,Large,Cloudy
Zone B,Wednesday,34.07022900468456,57.947954501700025,Organic,62.83605333486439,6647.83929385509,Daily,13,1,190.17672732249514,48.81266604485539,Medium,Cloudy
Zone C,Tuesday,21.079518820496986,39.66672947414312,Metal,55.55131954179037,6258.495297545611,Weekly,29,1,157.09970966570415,18.27616784981475,Small,Rainy
Zone A,Wednesday,23.82865077633102,35.43711880242358,Plastic,6.237299791184204,7826.737993108333,Weekly,23,1,325.5255153166007,81.04651741597654,Medium,Rainy
Zone A,Friday,26.66268674453392,37.79797885205927,Organic,58.40717979306409,1084.1237331892273,Daily,2,0,220.2211844427875,28.96716664801522,Medium,Sunny
Zone A,Saturday,32.752449350380004,75.79619306177221,Metal,13.681752946466442,5788.082142151624,Weekly,6,1,493.03262627334277,53.88463206743458,Medium,Rainy
Zone D,Thursday,34.84193101197205,71.59965990006648,Organic,21.493754957358917,5242.087414164486,Daily,12,0,109.69978744824043,80.51640362944727,Large,Rainy
Zone A,Thursday,22.9445507048238,32.19126892669119,Plastic,42.760258023989046,8860.527127015086,Weekly,20,0,248.73450375951535,79.2960313728744,Medium,Sunny
Zone A,Tuesday,32.62283725001093,60.75554125041354,Organic,73.87043382114116,1341.9307517735383,Daily,4,0,271.1307740452849,20.156188055973555,Medium,Sunny
Zone C,Friday,31.92682079446642,36.062892507577025,Plastic,80.52257821476807,4659.423644640946,Bi-weekly,11,0,381.1419672276313,38.291746803562134,Medium,Rainy
Zone C,Wednesday,29.5239964846355,51.61552020476483,Metal,25.345787788044152,5737.013216611023,Weekly,11,0,343.35665120545,88.11087253044474,Large,Cloudy
Zone C,Sunday,30.24909518866486,32.80050133619122,Plastic,92.98203888122708,4226.43168032301,Daily,16,0,350.28378425727357,69.50378280604076,Large,Rainy
Zone C,Wednesday,28.78832104479421,48.70315829649532,Organic,94.61685517225914,7981.015594659323,Bi-weekly,23,1,298.99578535384114,50.67578292982202,Large,Rainy
Zone C,Monday,15.090828170587114,43.923176416262145,Paper,83.62336344524489,6343.817084384916,Daily,17,0,391.83125797392375,78.04759105967788,Medium,Cloudy
Zone D,Wednesday,20.330751248637675,68.1050365097361,Organic,82.26476398960817,7913.86337837409,Daily,16,1,250.9045437185349,65.3003594595546,Large,Cloudy
Zone D,Sunday,24.033151453482624,38.73146115049438,Organic,67.07474958967694,2772.670475989748,Daily,29,0,168.43683447211464,86.99535795277748,Large,Rainy
Zone C,Wednesday,17.71811014244677,78.70719712286876,Organic,47.290036292001346,4139.740927335974,Daily,5,1,169.48638091372243,12.261872096285742,Medium,Cloudy
Zone D,Tuesday,21.358467828536234,30.553738031883622,Organic,8.631720081397987,8570.231719394615,Daily,27,1,228.35777763542768,1.7054023456458012,Small,Sunny
Zone B,Thursday,34.721749265225576,65.79985924472899,Metal,11.778655143096712,5382.104886866428,Daily,2,0,372.8474571635381,23.009803818881412,Medium,Cloudy
Zone B,Thursday,30.29493053563547,60.01658752383598,Organic,10.158989960668896,9808.199057796955,Daily,4,0,352.31856286239525,73.20043585813063,Large,Rainy
Zone B,Saturday,19.166663706386675,42.55270773905332,Metal,79.2899676010853,6195.293927612857,Weekly,27,1,214.54301143422947,87.81868068348604,Small,Rainy
Zone D,Friday,22.653398429772672,65.57767337199515,Paper,81.95818423533336,1515.7082207338988,Daily,22,1,400.1771450097432,74.13262387316377,Small,Sunny
Zone D,Sunday,25.27600694361687,32.5038723479275,Organic,68.93747035974111,8473.654206602943,Bi-weekly,10,0,420.42295678075607,21.05383010117062,Medium,Rainy
Zone D,Friday,21.116245481992024,32.62847492823169,Plastic,58.54088464731742,8811.951484117144,Bi-weekly,30,0,67.08854848852774,37.58316404246828,Medium,Rainy
Zone B,Monday,25.9151806256857,65.93552176540328,Organic,80.3035854496449,9973.180654257862,Bi-weekly,2,0,442.6392265779483,43.56523332838918,Medium,Rainy
Zone C,Friday,25.90586823128668,62.51989682387941,Organic,8.824620994623547,9322.042319763697,Weekly,3,0,451.5915848256002,50.91176388972979,Small,Sunny
Zone D,Friday,22.825377733754927,54.312034496466126,Organic,90.50607770070145,6782.209711384972,Weekly,22,0,395.03242692549696,44.62292169031351,Small,Rainy
Zone D,Wednesday,31.624039304140158,46.138641596193764,Metal,61.318064097467726,4528.752151277693,Weekly,20,1,375.4756547157161,9.82696056880098,Medium,Cloudy
Zone C,Wednesday,19.956639204680137,69.48282794057178,Plastic,64.74678028503462,6755.380770594208,Bi-weekly,22,0,442.9144239553444,52.98380017826716,Medium,Cloudy
Zone A,Saturday,34.4056503347687,75.69144179784584,Metal,6.575073019090049,9269.15770891471,Bi-weekly,19,0,468.2921355375535,76.46658777026735,Small,Sunny
Zone C,Friday,27.57133015593935,33.36704878908213,Organic,70.04213638530665,7903.833184908086,Weekly,23,0,123.26207308654305,91.35621303304691,Small,Cloudy
Zone B,Friday,24.254633131075988,70.48305449138935,Plastic,4.11114957313556,9238.803820812296,Bi-weekly,28,0,448.9607676494662,48.59039034984255,Medium,Cloudy
Zone A,Saturday,32.752449350380004,75.79619306177221,Metal,13.681752946466442,5788.082142151624,Weekly,6,1,493.03262627334277,53.88463206743458,Medium,Rainy
Zone A,Thursday,28.089618705774946,62.3316902770779,Metal,64.26900909076446,8321.048227944833,Daily,28,0,124.34901389094945,71.28337190461184,Medium,Sunny
Zone B,Thursday,25.753264232336953,39.57553646599718,Plastic,36.6265170674367,6779.628104400454,Weekly,3,1,349.305164797147,46.087268321345796,Medium,Cloudy
Zone A,Thursday,25.802804772777286,62.7858334039835,Organic,75.67551019708272,2727.9695809780233,Weekly,24,1,55.21855954308158,59.21032808296944,Small,Cloudy
Zone A,Sunday,16.18814977202217,41.35033760290494,Organic,26.958657443388443,7434.863915968789,Bi-weekly,13,0,311.9657637055457,25.446946341674114,Small,Cloudy
Zone D,Tuesday,32.24643640117174,46.53292601411674,Organic,82.07468694179087,1961.7584755865723,Bi-weekly,22,0,123.31737411892618,6.675013317509926,Medium,Cloudy
Zone A,Sunday,21.505655934706503,30.136814986611846,Paper,35.84544508919866,5277.288084287621,Bi-weekly,10,0,414.0173544825811,78.35597897657628,Small,Sunny
Zone D,Sunday,29.64693515679663,57.5652919897646,Metal,49.85494846278287,7447.198895178785,Daily,30,0,363.37250622500716,65.11131339956493,Small,Sunny
Zone C,Wednesday,31.245030987165762,77.35798602500466,Organic,28.632020541810206,6426.812748906438,Bi-weekly,15,1,209.63891271824275,87.54869120386289,Small,Sunny
Zone C,Friday,18.306059643598513,56.25461031412692,Paper,33.079328260796615,5907.743514995095,Weekly,27,0,233.10412763636438,58.16795602544376,Large,Rainy
Zone A,Friday,25.7068312426819,44.41754222607819,Paper,76.60752001348592,9355.183842745,Bi-weekly,10,1,233.44965093933726,75.08063348110616,Large,Rainy
Zone C,Monday,33.30920931056774,61.72597106674908,Paper,72.06732793802144,8539.681395134654,Weekly,8,1,395.26146227472617,96.82369079141657,Small,Sunny
Zone D,Tuesday,22.822891034988334,63.397446146375486,Paper,57.61307095720198,2441.9772401986866,Weekly,30,1,67.82097080962652,51.15826106369323,Small,Rainy
Zone A,Sunday,18.502342699250537,70.787322377766,Metal,61.313605849623876,1943.5587778167687,Bi-weekly,1,1,455.2491743791217,68.97179408107014,Small,Cloudy
Zone C,Saturday,24.04825096868251,70.18207583190338,Organic,40.11173882872443,3228.5623815177796,Daily,6,1,437.31712168633595,40.29037124161556,Large,Cloudy
Zone A,Tuesday,29.742050197611547,44.36301429570615,Organic,65.39348364102078,8140.50990532991,Daily,19,1,52.61534342169777,37.38480620722304,Small,Sunny
Zone C,Friday,23.34430882978655,66.54379699281638,Organic,49.38454050535896,5460.037111169185,Weekly,30,1,96.790502616049,90.57787853464946,Medium,Rainy
Zone D,Friday,19.279516462599297,43.017594586430214,Organic,8.399362205791899,9450.759110720654,Weekly,12,0,297.23576574089225,34.46953660585868,Small,Cloudy
Zone B,Saturday,33.5456431308287,40.575743236880854,Metal,50.15921293682073,4394.808597249603,Daily,6,0,374.5217724432393,11.80630613066297,Medium,Sunny
Zone C,Monday,34.86033306588968,31.889287176729386,Organic,81.23075033299477,4905.499818257375,Daily,5,1,479.80031023232146,75.12734006378568,Small,Rainy
Zone B,Saturday,33.69941512818891,51.53813285826204,Plastic,71.54053731728742,5472.038589216122,Daily,18,0,73.48408310929362,18.13476263629533,Medium,Rainy
Zone D,Friday,27.748934216884933,40.12945689271278,Paper,11.920948441490141,1269.0160701284876,Weekly,27,0,289.28414980439004,91.71421439939719,Large,Cloudy
Zone D,Thursday,32.297197670173546,57.67525501856608,Organic,72.68240428968363,8645.748084913977,Weekly,24,0,409.4375164660791,85.54930109813957,Medium,Cloudy
Zone A,Saturday,16.947454088642672,38.345077642976975,Organic,99.96196051728006,9067.844938264141,Bi-weekly,4,1,467.0194335662402,17.606607047808954,Small,Cloudy
Zone B,Wednesday,34.96185193719092,46.70580505361107,Paper,49.08403233871759,9715.052957054959,Daily,7,1,93.79792103931452,47.17452430904133,Small,Sunny
Zone A,Tuesday,15.88633284493887,42.770247407055805,Organic,82.74993868539127,2496.703770338935,Weekly,27,0,372.029382311109,19.063650660103605,Medium,Sunny
Zone D,Saturday,16.979621968136776,70.35966176628816,Plastic,31.320673084945305,5227.546923976045,Daily,21,1,277.69659790274653,51.81764283861501,Small,Sunny
Zone A,Wednesday,26.03446333424294,47.8772195052444,Plastic,60.34238901319896,6090.74134698324,Bi-weekly,24,0,290.0053983235292,81.21133028383673,Medium,Cloudy
Zone A,Sunday,15.698906195160182,38.75239110604254,Organic,49.80020821466314,4003.7862221174855,Bi-weekly,28,1,58.621412740374154,84.59147296009863,Medium,Cloudy
Zone D,Sunday,21.970171692785264,59.45790587769517,Metal,44.35448135085929,7623.162553033628,Daily,24,1,79.82599157338734,56.70499039606416,Large,Rainy
Zone B,Tuesday,31.726688062534738,53.7578848117782,Organic,83.27736573700628,1426.735743071536,Weekly,15,1,339.0200190550414,54.33767680007078,Small,Rainy
Zone D,Sunday,17.61224595587105,47.410850073671256,Organic,94.17320911591817,8701.370043474768,Weekly,25,0,379.51368559208447,77.5011092720981,Medium,Cloudy
Zone B,Monday,34.1964483447724,68.4464962870596,Organic,70.9758684696339,8690.373058508441,Daily,25,1,364.4421918419246,25.536389313603124,Small,Rainy
Zone D,Saturday,34.95105589583105,66.00165153294024,Paper,29.668082232102158,4856.834125960125,Bi-weekly,27,0,241.4620965580974,76.52382413071173,Large,Rainy
Zone A,Monday,30.68988461774672,43.76131611052668,Paper,3.0431088965794935,3522.965042979493,Bi-weekly,23,0,205.29018953329657,49.766355214907506,Medium,Rainy
Zone D,Thursday,24.798600314853637,35.4847194048927,Metal,38.01916819459572,5082.703652951541,Weekly,18,0,478.8786041257592,90.58883469800857,Large,Rainy
Zone D,Tuesday,15.849082144907399,40.447983897337,Paper,33.122062633201615,8383.584320275775,Daily,4,1,485.09042327659114,74.76286792236647,Large,Rainy
Zone C,Wednesday,22.890192661211415,79.85584162913824,Organic,75.80806357549345,1089.8338691271547,Bi-weekly,24,0,131.76389356868407,47.33090514351525,Small,Sunny
Zone B,Friday,24.795752619548757,67.78304059667258,Paper,81.0941403146341,7984.429676102386,Daily,18,0,429.0201097439572,74.86666358906629,Small,Cloudy
Zone A,Thursday,28.089618705774946,62.3316902770779,Metal,64.26900909076446,8321.048227944833,Daily,28,0,124.34901389094945,71.28337190461184,Medium,Sunny
Zone B,Friday,16.970267247042795,49.966084366084864,Organic,18.3521924108277,5217.0158839555925,Bi-weekly,7,1,417.5534439921938,89.13798074120821,Large,Cloudy
Zone B,Monday,32.936576725594975,79.76475361747194,Plastic,93.23615774146704,8313.45147720789,Weekly,21,1,307.79526282618644,80.41106375496166,Medium,Cloudy
Zone B,Sunday,29.37834546660703,72.25891859185693,Metal,65.27682094225324,3410.28495976177,Weekly,15,0,270.9555557484649,10.514333412334176,Large,Sunny
Zone A,Wednesday,26.923777276224556,54.043083876817235,Organic,31.002554755456227,6064.158744509639,Bi-weekly,28,1,426.2954680398568,25.815781455899454,Small,Cloudy
Zone D,Thursday,26.529209765316644,46.78515057928969,Organic,56.75631601460243,1553.2497507364087,Weekly,10,1,216.0711958147938,98.34835881796918,Medium,Sunny
Zone B,Saturday,34.66824991348973,68.49537403905606,Paper,43.740461925549624,6384.821103951095,Weekly,4,0,333.09716463527394,0.01619862675917849,Large,Rainy
Zone A,Tuesday,32.7832702082558,54.07663216497565,Organic,3.5753172940153943,8422.584991794629,Bi-weekly,15,1,72.17257039491068,20.881587792202016,Medium,Rainy
Zone C,Saturday,34.0116402064986,33.76142800618298,Plastic,19.208895656123364,1631.8804347588348,Bi-weekly,17,0,114.64760035511758,85.13060557418912,Small,Cloudy
Zone D,Friday,21.116245481992024,32.62847492823169,Plastic,58.54088464731742,8811.951484117144,Bi-weekly,30,0,67.08854848852774,37.58316404246828,Medium,Rainy
Zone B,Sunday,29.223319071013748,36.44594355184545,Organic,63.37761356455007,3906.3574728687513,Weekly,11,0,232.303535923677,64.45691420518048,Medium,Rainy
Zone C,Friday,20.973127616128913,66.2764784035888,Paper,87.33147457052101,5412.887751730043,Daily,19,0,117.28171875725134,74.82528629361066,Large,Rainy
Zone D,Friday,20.97519648413011,51.478214083978656,Paper,23.933839409608275,6899.234576413759,Weekly,1,0,493.88022684115936,68.02549029770401,Small,Cloudy
Zone D,Thursday,31.95751433303477,37.63476496655283,Organic,42.07672038436207,4774.91555059134,Daily,11,0,411.2021312853253,85.2092306978762,Large,Rainy
Zone C,Friday,17.690200611008684,65.08969371329178,Paper,33.73669028566409,1986.54564245042,Daily,12,0,272.54636590674943,30.949516438709235,Small,Rainy
Zone C,Thursday,25.570627115775267,38.60380123056329,Paper,63.15404885879846,6958.850314926435,Weekly,7,1,205.32869974275394,32.25453613253679,Large,Cloudy
Zone C,Tuesday,32.651117110957635,34.750601068557884,Plastic,96.83904610749337,3323.0516243222555,Daily,4,1,429.7843777703471,54.9235010371192,Small,Cloudy
Zone A,Saturday,17.95410778251546,36.562610346406174,Organic,9.231306318046817,7838.024743000061,Bi-weekly,22,1,228.85528167502895,60.80003119561618,Medium,Rainy
Zone A,Thursday,20.84679747783678,32.192322171307524,Organic,32.89841256739575,4825.720220300816,Daily,6,0,383.479269840162,14.460923253137658,Medium,Sunny
Zone C,Tuesday,17.126248985737618,48.12560173053833,Metal,81.87951896305267,5439.221912637706,Weekly,27,1,62.22010343056523,90.22709325308183,Large,Sunny
Zone B,Wednesday,17.71157170556168,47.33164987470761,Organic,43.92888676671209,7958.108340120804,Weekly,9,1,86.48935638934343,40.3305537221921,Large,Sunny
Zone D,Wednesday,24.32089242274733,30.683018515807372,Plastic,18.200424965914344,9753.663793861522,Bi-weekly,14,1,394.69483894933046,6.654204362458893,Small,Cloudy
Zone C,Sunday,28.959149902525958,52.67559896362907,Organic,20.092480480142324,4099.650941639689,Weekly,24,0,88.48710042906586,58.35081391838043,Small,Cloudy
Zone B,Monday,34.07942045840159,36.896529922415354,Paper,94.08161157678269,2941.4019045174427,Bi-weekly,2,0,398.2275165899306,63.60608623121015,Medium,Cloudy
Zone C,Thursday,15.881945824911792,35.574233185629225,Organic,44.4566232261965,7458.618699790771,Bi-weekly,5,1,246.79801846087517,79.64611041446436,Large,Sunny
Zone C,Thursday,28.10373455064869,59.126202766434396,Paper,2.8238812956985564,2193.151880945925,Weekly,14,0,182.2115032463514,18.518072876345983,Medium,Rainy
Zone B,Friday,24.254633131075988,70.48305449138935,Plastic,4.11114957313556,9238.803820812296,Bi-weekly,28,0,448.9607676494662,48.59039034984255,Medium,Cloudy
Zone A,Thursday,29.482979022083953,47.77367924267328,Organic,6.354859191506895,3432.7711831943357,Daily,25,1,286.49205756238865,44.079503295510904,Medium,Sunny
Zone C,Thursday,30.46330849187211,48.851167003515464,Organic,2.999665817019289,4507.156545639144,Daily,10,1,254.12488221289942,37.416896166116864,Large,Sunny
Zone B,Tuesday,26.630505957940027,35.031547552183554,Organic,53.43330903490216,7767.57475463292,Daily,19,1,184.62226031040296,36.63143093685838,Small,Rainy
Zone B,Monday,17.901889889828574,52.262002876798704,Organic,90.20937377814795,6351.212952777295,Bi-weekly,28,0,212.42527196322467,18.659483923207098,Medium,Cloudy
Zone D,Thursday,18.576967329426147,61.103886753715955,Metal,93.37368241359943,5938.95041193423,Bi-weekly,28,0,162.19272728719903,64.30587432076528,Medium,Cloudy
Zone B,Saturday,28.39135465099953,30.559976386166472,Organic,65.68129985956774,1268.0428449793803,Bi-weekly,16,0,457.59949420468365,85.64560232709731,Medium,Rainy
Zone D,Thursday,16.088651748817156,34.32263261866738,Organic,29.093736820438682,3288.4244117372505,Bi-weekly,20,1,405.0365692580981,96.43645890862447,Small,Rainy
Zone C,Sunday,15.114635356139255,46.03068382573432,Organic,87.69937089581262,6934.6409298637545,Bi-weekly,21,1,332.3932376405013,41.44630906282253,Small,Rainy
Zone B,Wednesday,27.807901972718053,52.56204000939448,Plastic,46.49588822659748,8443.55511886289,Weekly,24,1,54.681710592278506,60.11714573306284,Small,Cloudy
Zone D,Friday,28.812029986240482,58.77813324762798,Metal,7.488239496783385,3775.5092550690238,Weekly,29,0,94.50389847219392,5.392933492822671,Small,Rainy
Zone A,Monday,24.121784864287896,60.35994206528376,Organic,64.81837343094658,3260.8301695478226,Weekly,21,1,347.86085272403227,33.018348157138256,Medium,Sunny
Zone B,Thursday,26.07417373323313,32.46659446789594,Paper,20.484122700575217,2179.1432538731897,Bi-weekly,16,1,263.93911852811163,3.7152916603921837,Large,Sunny
Zone D,Thursday,25.411084745477332,65.16705719728782,Plastic,21.521093727946056,7053.355953577649,Daily,3,0,220.10094408112278,84.73117900865658,Medium,Cloudy
Zone D,Saturday,23.656225896811506,46.085963119399025,Organic,74.10521873096425,7825.77628505397,Weekly,17,1,403.9824938246309,97.23162361449855,Large,Cloudy
Zone B,Monday,16.53881462268373,33.77922296871849,Plastic,90.06336636098004,4691.343554276104,Daily,3,1,173.06808303561434,85.11681709003643,Large,Sunny
Zone C,Wednesday,31.332789521181603,39.76821108912023,Paper,13.779612723217243,3595.0795670488656,Bi-weekly,16,0,171.0720497457289,48.224911372700305,Large,Rainy
Zone D,Friday,19.876172164805894,61.77205796145087,Metal,60.939862357303134,4967.243325602116,Weekly,29,1,159.29214267558032,40.41925183402944,Large,Sunny
Zone C,Monday,20.52456117432495,78.49136942519385,Plastic,77.2788814069334,1783.113621855629,Bi-weekly,19,0,337.6531007957526,4.865487047278827,Medium,Cloudy
Zone D,Thursday,25.581022303844666,65.28215847552949,Metal,57.99608470661432,9035.003586487,Bi-weekly,29,0,72.33750233038708,12.57927469640273,Large,Rainy
Zone A,Friday,33.54028813824297,34.27747386644069,Metal,79.58050663126642,6423.009512673615,Bi-weekly,20,0,329.9512649642525,86.95943152674668,Large,Sunny
Zone A,Monday,16.175758448775166,74.49864959672445,Organic,87.66289943027954,1984.8221482977638,Daily,14,0,228.74419317660033,41.37603285190998,Small,Cloudy
Zone D,Thursday,24.829344808599444,31.893674946895157,Organic,57.671849216420355,6863.512196755916,Weekly,8,1,143.63982117043344,76.68764014814411,Medium,Sunny
Zone B,Wednesday,25.37309701806567,61.63349460217064,Organic,24.94847527496098,2852.222528011948,Daily,28,0,388.6959175719225,22.5150673319116,Medium,Sunny
Zone D,Friday,22.649766505639235,74.29132101937905,Paper,12.23002891190449,7810.066744814911,Bi-weekly,23,1,287.69012822867944,76.10184068916628,Medium,Sunny
Zone D,Tuesday,26.951874223153247,77.88742092173993,Organic,83.78160965799128,1751.8146381304878,Weekly,26,1,93.86810599108048,58.050677970857954,Medium,Rainy
Zone A,Monday,30.86497382542539,61.85621810591736,Metal,26.850586135420127,4051.9862628302008,Bi-weekly,21,0,488.532812775782,54.43273830655207,Large,Rainy
Zone B,Sunday,29.05664263391704,40.19671358607419,Organic,26.16238052636949,8085.650916059473,Bi-weekly,15,1,413.38806074338584,14.808137105185315,Large,Cloudy
Zone A,Tuesday,17.10097181053518,32.64466502069218,Plastic,14.898854666757005,3720.6953793466773,Bi-weekly,7,0,335.4511111348963,70.98823213066716,Large,Sunny
Zone D,Monday,31.62318901213259,66.69715190442469,Paper,78.62173475961666,4008.809967339537,Bi-weekly,27,1,209.78117170949312,38.75400355503756,Small,Sunny
Zone B,Friday,18.459053953616802,47.518241867097494,Organic,77.56844132396353,4288.113903042144,Daily,1,1,421.40542523030683,77.18418137482905,Medium,Cloudy
Zone D,Monday,19.376537104611508,71.79092620023286,Metal,38.79724162647406,8235.214451387626,Daily,7,1,330.4338572084748,90.13272426012728,Large,Sunny
Zone C,Saturday,31.98292447482067,30.364005892174408,Organic,84.53121749911386,5992.46556452264,Bi-weekly,22,1,353.73404077036383,50.77233181956505,Medium,Cloudy
Zone D,Saturday,17.374781936264494,69.7827138784761,Metal,73.45457644218668,2233.63568344756,Daily,14,1,188.80209694666266,41.16723171330643,Small,Rainy
Zone A,Sunday,21.875043708386016,70.1841395842081,Organic,44.807079296778305,4692.594984766498,Daily,2,0,58.95461284819854,52.22495969797964,Large,Cloudy
Zone C,Wednesday,15.00083108849558,49.02216124352807,Organic,46.36274231939427,2595.0955514904144,Weekly,11,1,452.4264587455717,31.122349843391518,Large,Sunny
Zone D,Sunday,29.176261071742942,78.4598355448601,Organic,69.91263398374703,7036.821925323985,Bi-weekly,19,1,197.4529276041576,86.26191486333575,Large,Rainy
Zone C,Saturday,25.67424332508209,62.03352911696163,Organic,79.07287888518422,6759.022830481809,Daily,10,0,493.88170116477664,39.32058820787603,Large,Cloudy
Zone A,Tuesday,27.54756598078317,76.24627849267364,Plastic,74.29122162974282,6589.505352733602,Daily,15,1,249.65698806211637,62.73112431444681,Large,Cloudy
Zone D,Sunday,30.929753672317368,46.80378897853777,Paper,41.737266253265304,5456.930126728576,Daily,14,1,272.0615169329289,88.87976524773306,Medium,Sunny
Zone A,Thursday,17.732275673412634,61.173205565325745,Metal,96.03479593517095,8096.72046256928,Daily,21,1,306.92503225586717,58.16929949971572,Large,Cloudy
Zone A,Saturday,30.282030493437475,41.493116172892194,Organic,63.06598908205482,3970.532274084357,Daily,24,1,261.84205556365043,77.07055515444948,Small,Sunny
